{"max": [1.12625, 1.88548, 0.748806], "centroid": [0.6367471128760874, 1.4880472291634796, 0.23366861613135298], "id": "19042f85f93a8b239f7e329438453d00", "numVertices": 49922, "min": [0.150625, 0.0, -0.239091]}
